,Error_Rate,Accuracy,Dog_Accuracy,Cat_Accuracy
PlainNet-34,14.172799127827744,85.82720087217226,78.19103972950127,89.46098149637973
ResNet-34,24.557100027255387,75.44289997274461,85.46069315300085,70.67578439259856
PlainNet-50,24.28454619787408,75.71545380212592,67.37109044801352,79.68624296057925
ResNet-50,22.3221586263287,77.6778413736713,76.07776838546069,78.43925985518906
